<?xml version="1.0" encoding="UTF-8"?>
<office:document-meta xmlns:office="urn:oasis:names:tc:opendocument:xmlns:office:1.0"
	xmlns:xlink="http://www.w3.org/1999/xlink" xmlns:dc="http://purl.org/dc/elements/1.1/"
	xmlns:meta="urn:oasis:names:tc:opendocument:xmlns:meta:1.0" xmlns:ooo="http://openoffice.org/2004/office"
	xmlns:grddl="http://www.w3.org/2003/g/data-view#" office:version="1.2"
	grddl:transformation="http://docs.oasis-open.org/office/1.2/xslt/odf2rdf.xsl">
	<office:meta>
		<meta:generator>OpenOffice.org/3.3$Win32
			OpenOffice.org_project/330m20$Build-9567</meta:generator>
		<dc:description></dc:description>
		<meta:creation-date>2010-07-13T15:17:30</meta:creation-date>
		<meta:editing-cycles>137</meta:editing-cycles>
		<meta:editing-duration>P2DT1H53M59S</meta:editing-duration>
		<meta:initial-creator>generated by GlobalTester</meta:initial-creator>
		<dc:date>2011-05-30T17:48:42.53</dc:date>
		<dc:creator>generated by GlobalTester</dc:creator>
		<dc:title></dc:title>
		<meta:document-statistic meta:table-count="2"
			meta:image-count="1" meta:object-count="0" meta:page-count="7"
			meta:paragraph-count="53" meta:word-count="184" meta:character-count="1301" />
	</office:meta>
</office:document-meta>